,href,items,limit,next,offset,previous,total
0,https://api.spotify.com/v1/me/tracks?offset=0&limit=20,"{'added_at': '2020-03-13T13:17:35Z', 'track': {'album': {'album_type': 'album', 'artists': [{'external_urls': {'spotify': 'https://open.spotify.com/artist/38DX4hQVvPBs3PThDIAK11'}, 'href': 'https://api.spotify.com/v1/artists/38DX4hQVvPBs3PThDIAK11', 'id': '38DX4hQVvPBs3PThDIAK11', 'name': 'Carbon Based Lifeforms', 'type': 'artist', 'uri': 'spotify:artist:38DX4hQVvPBs3PThDIAK11'}], 'available_markets': ['AD', 'AE', 'AR', 'AT', 'AU', 'BE', 'BG', 'BH', 'BO', 'BR', 'CA', 'CH', 'CL', 'CO', 'CR', 'CY', 'CZ', 'DE', 'DK', 'DO', 'DZ', 'EC', 'EE', 'EG', 'ES', 'FI', 'FR', 'GB', 'GR', 'GT', 'HK', 'HN', 'HU', 'ID', 'IE', 'IL', 'IN', 'IS', 'IT', 'JO', 'JP', 'KW', 'LB', 'LI', 'LT', 'LU', 'LV', 'MA', 'MC', 'MT', 'MX', 'MY', 'NI', 'NL', 'NO', 'NZ', 'OM', 'PA', 'PE', 'PH', 'PL', 'PS', 'PT', 'PY', 'QA', 'RO', 'SA', 'SE', 'SG', 'SK', 'SV', 'TH', 'TN', 'TR', 'TW', 'US', 'UY', 'VN', 'ZA'], 'external_urls': {'spotify': 'https://open.spotify.com/album/2u0pkTNJATyUU1nVhcoXz3'}, 'href': 'https://api.spotify.com/v1/albums/2u0pkTNJATyUU1nVhcoXz3', 'id': '2u0pkTNJATyUU1nVhcoXz3', 'images': [{'height': 640, 'url': 'https://i.scdn.co/image/ab67616d0000b273b36f16c520f5caeb5ae7ddb8', 'width': 640}, {'height': 300, 'url': 'https://i.scdn.co/image/ab67616d00001e02b36f16c520f5caeb5ae7ddb8', 'width': 300}, {'height': 64, 'url': 'https://i.scdn.co/image/ab67616d00004851b36f16c520f5caeb5ae7ddb8', 'width': 64}], 'name': 'Alt:02', 'release_date': '2020-03-09', 'release_date_precision': 'day', 'total_tracks': 11, 'type': 'album', 'uri': 'spotify:album:2u0pkTNJATyUU1nVhcoXz3'}, 'artists': [{'external_urls': {'spotify': 'https://open.spotify.com/artist/38DX4hQVvPBs3PThDIAK11'}, 'href': 'https://api.spotify.com/v1/artists/38DX4hQVvPBs3PThDIAK11', 'id': '38DX4hQVvPBs3PThDIAK11', 'name': 'Carbon Based Lifeforms', 'type': 'artist', 'uri': 'spotify:artist:38DX4hQVvPBs3PThDIAK11'}], 'available_markets': ['AD', 'AE', 'AR', 'AT', 'AU', 'BE', 'BG', 'BH', 'BO', 'BR', 'CA', 'CH', 'CL', 'CO', 'CR', 'CY', 'CZ', 'DE', 'DK', 'DO', 'DZ', 'EC', 'EE', 'EG', 'ES', 'FI', 'FR', 'GB', 'GR', 'GT', 'HK', 'HN', 'HU', 'ID', 'IE', 'IL', 'IN', 'IS', 'IT', 'JO', 'JP', 'KW', 'LB', 'LI', 'LT', 'LU', 'LV', 'MA', 'MC', 'MT', 'MX', 'MY', 'NI', 'NL', 'NO', 'NZ', 'OM', 'PA', 'PE', 'PH', 'PL', 'PS', 'PT', 'PY', 'QA', 'RO', 'SA', 'SE', 'SG', 'SK', 'SV', 'TH', 'TN', 'TR', 'TW', 'US', 'UY', 'VN', 'ZA'], 'disc_number': 1, 'duration_ms': 424433, 'explicit': False, 'external_ids': {'isrc': 'TCAER2058875'}, 'external_urls': {'spotify': 'https://open.spotify.com/track/1dGwYku19hyQQ56Wl5ymzM'}, 'href': 'https://api.spotify.com/v1/tracks/1dGwYku19hyQQ56Wl5ymzM', 'id': '1dGwYku19hyQQ56Wl5ymzM', 'is_local': False, 'name': 'Path of Least Dunka Dunka', 'popularity': 32, 'preview_url': 'https://p.scdn.co/mp3-preview/383f6c71ed7fb2a8db84c6d3cd23391801b7f39d?cid=3a5a7e73cd16469bb411957e65ce1d3d', 'track_number': 9, 'type': 'track', 'uri': 'spotify:track:1dGwYku19hyQQ56Wl5ymzM'}}",20,https://api.spotify.com/v1/me/tracks?offset=20&limit=20,0,,749
1,https://api.spotify.com/v1/me/tracks?offset=0&limit=20,"{'added_at': '2020-03-12T18:34:37Z', 'track': {'album': {'album_type': 'album', 'artists': [{'external_urls': {'spotify': 'https://open.spotify.com/artist/0k17h0D3J5VfsdmQ1iZtE9'}, 'href': 'https://api.spotify.com/v1/artists/0k17h0D3J5VfsdmQ1iZtE9', 'id': '0k17h0D3J5VfsdmQ1iZtE9', 'name': 'Pink Floyd', 'type': 'artist', 'uri': 'spotify:artist:0k17h0D3J5VfsdmQ1iZtE9'}], 'available_markets': ['AE', 'AR', 'AU', 'BH', 'BO', 'BR', 'CA', 'CL', 'CO', 'CR', 'DO', 'EC', 'EG', 'GT', 'HK', 'HN', 'ID', 'IL', 'IN', 'JO', 'JP', 'KW', 'LB', 'MX', 'MY', 'NI', 'NZ', 'OM', 'PA', 'PE', 'PH', 'PS', 'PY', 'QA', 'SA', 'SG', 'SV', 'TH', 'TN', 'TW', 'US', 'UY', 'VN', 'ZA'], 'external_urls': {'spotify': 'https://open.spotify.com/album/4LH4d3cOWNNsVw41Gqt2kv'}, 'href': 'https://api.spotify.com/v1/albums/4LH4d3cOWNNsVw41Gqt2kv', 'id': '4LH4d3cOWNNsVw41Gqt2kv', 'images': [{'height': 640, 'url': 'https://i.scdn.co/image/ab67616d0000b273f05e5ac32fdd79d100315a20', 'width': 640}, {'height': 300, 'url': 'https://i.scdn.co/image/ab67616d00001e02f05e5ac32fdd79d100315a20', 'width': 300}, {'height': 64, 'url': 'https://i.scdn.co/image/ab67616d00004851f05e5ac32fdd79d100315a20', 'width': 64}], 'name': 'The Dark Side of the Moon', 'release_date': '1973-03-01', 'release_date_precision': 'day', 'total_tracks': 10, 'type': 'album', 'uri': 'spotify:album:4LH4d3cOWNNsVw41Gqt2kv'}, 'artists': [{'external_urls': {'spotify': 'https://open.spotify.com/artist/0k17h0D3J5VfsdmQ1iZtE9'}, 'href': 'https://api.spotify.com/v1/artists/0k17h0D3J5VfsdmQ1iZtE9', 'id': '0k17h0D3J5VfsdmQ1iZtE9', 'name': 'Pink Floyd', 'type': 'artist', 'uri': 'spotify:artist:0k17h0D3J5VfsdmQ1iZtE9'}], 'available_markets': ['AE', 'AR', 'AU', 'BH', 'BO', 'BR', 'CA', 'CL', 'CO', 'CR', 'DO', 'EC', 'EG', 'GT', 'HK', 'HN', 'ID', 'IL', 'IN', 'JO', 'JP', 'KW', 'LB', 'MX', 'MY', 'NI', 'NZ', 'OM', 'PA', 'PE', 'PH', 'PS', 'PY', 'QA', 'SA', 'SG', 'SV', 'TH', 'TN', 'TW', 'US', 'UY', 'VN', 'ZA'], 'disc_number': 1, 'duration_ms': 206429, 'explicit': False, 'external_ids': {'isrc': 'GBN9Y1100083'}, 'external_urls': {'spotify': 'https://open.spotify.com/track/6FBPOJLxUZEair6x4kLDhf'}, 'href': 'https://api.spotify.com/v1/tracks/6FBPOJLxUZEair6x4kLDhf', 'id': '6FBPOJLxUZEair6x4kLDhf', 'is_local': False, 'name': 'Any Colour You Like', 'popularity': 61, 'preview_url': 'https://p.scdn.co/mp3-preview/eb94ea77efdc2f5dd3a3ddf1b9561ca04c0719ba?cid=3a5a7e73cd16469bb411957e65ce1d3d', 'track_number': 8, 'type': 'track', 'uri': 'spotify:track:6FBPOJLxUZEair6x4kLDhf'}}",20,https://api.spotify.com/v1/me/tracks?offset=20&limit=20,0,,749
2,https://api.spotify.com/v1/me/tracks?offset=0&limit=20,"{'added_at': '2020-03-11T00:23:26Z', 'track': {'album': {'album_type': 'album', 'artists': [{'external_urls': {'spotify': 'https://open.spotify.com/artist/7iMWWdRNiCJwGOGEIYr02z'}, 'href': 'https://api.spotify.com/v1/artists/7iMWWdRNiCJwGOGEIYr02z', 'id': '7iMWWdRNiCJwGOGEIYr02z', 'name': 'My Dying Bride', 'type': 'artist', 'uri': 'spotify:artist:7iMWWdRNiCJwGOGEIYr02z'}], 'available_markets': ['AD', 'AE', 'AR', 'AT', 'AU', 'BE', 'BG', 'BH', 'BO', 'BR', 'CA', 'CH', 'CL', 'CO', 'CR', 'CY', 'CZ', 'DE', 'DK', 'DO', 'DZ', 'EC', 'EE', 'EG', 'ES', 'FI', 'FR', 'GB', 'GR', 'GT', 'HK', 'HN', 'HU', 'ID', 'IE', 'IL', 'IN', 'IS', 'IT', 'JO', 'JP', 'KW', 'LB', 'LI', 'LT', 'LU', 'LV', 'MA', 'MC', 'MT', 'MX', 'MY', 'NI', 'NL', 'NO', 'NZ', 'OM', 'PA', 'PE', 'PH', 'PL', 'PS', 'PT', 'PY', 'QA', 'RO', 'SA', 'SE', 'SG', 'SK', 'SV', 'TH', 'TN', 'TR', 'TW', 'US', 'UY', 'VN', 'ZA'], 'external_urls': {'spotify': 'https://open.spotify.com/album/6s3wQ8IVlICAX1nyRSn19w'}, 'href': 'https://api.spotify.com/v1/albums/6s3wQ8IVlICAX1nyRSn19w', 'id': '6s3wQ8IVlICAX1nyRSn19w', 'images': [{'height': 640, 'url': 'https://i.scdn.co/image/ab67616d0000b27337ce2003dd4b44f2939ac243', 'width': 640}, {'height': 300, 'url': 'https://i.scdn.co/image/ab67616d00001e0237ce2003dd4b44f2939ac243', 'width': 300}, {'height': 64, 'url': 'https://i.scdn.co/image/ab67616d0000485137ce2003dd4b44f2939ac243', 'width': 64}], 'name': 'The Ghost of Orion', 'release_date': '2020-03-06', 'release_date_precision': 'day', 'total_tracks': 8, 'type': 'album', 'uri': 'spotify:album:6s3wQ8IVlICAX1nyRSn19w'}, 'artists': [{'external_urls': {'spotify': 'https://open.spotify.com/artist/7iMWWdRNiCJwGOGEIYr02z'}, 'href': 'https://api.spotify.com/v1/artists/7iMWWdRNiCJwGOGEIYr02z', 'id': '7iMWWdRNiCJwGOGEIYr02z', 'name': 'My Dying Bride', 'type': 'artist', 'uri': 'spotify:artist:7iMWWdRNiCJwGOGEIYr02z'}], 'available_markets': ['AD', 'AE', 'AR', 'AT', 'AU', 'BE', 'BG', 'BH', 'BO', 'BR', 'CA', 'CH', 'CL', 'CO', 'CR', 'CY', 'CZ', 'DE', 'DK', 'DO', 'DZ', 'EC', 'EE', 'EG', 'ES', 'FI', 'FR', 'GB', 'GR', 'GT', 'HK', 'HN', 'HU', 'ID', 'IE', 'IL', 'IN', 'IS', 'IT', 'JO', 'JP', 'KW', 'LB', 'LI', 'LT', 'LU', 'LV', 'MA', 'MC', 'MT', 'MX', 'MY', 'NI', 'NL', 'NO', 'NZ', 'OM', 'PA', 'PE', 'PH', 'PL', 'PS', 'PT', 'PY', 'QA', 'RO', 'SA', 'SE', 'SG', 'SK', 'SV', 'TH', 'TN', 'TR', 'TW', 'US', 'UY', 'VN', 'ZA'], 'disc_number': 1, 'duration_ms': 630812, 'explicit': False, 'external_ids': {'isrc': 'DED831900974'}, 'external_urls': {'spotify': 'https://open.spotify.com/track/5WAyKjTfuXxHIcN1A9BFei'}, 'href': 'https://api.spotify.com/v1/tracks/5WAyKjTfuXxHIcN1A9BFei', 'id': '5WAyKjTfuXxHIcN1A9BFei', 'is_local': False, 'name': 'The Old Earth', 'popularity': 37, 'preview_url': 'https://p.scdn.co/mp3-preview/46cdec956f25867c28ef5b61e63db7242b87f00c?cid=3a5a7e73cd16469bb411957e65ce1d3d', 'track_number': 7, 'type': 'track', 'uri': 'spotify:track:5WAyKjTfuXxHIcN1A9BFei'}}",20,https://api.spotify.com/v1/me/tracks?offset=20&limit=20,0,,749
3,https://api.spotify.com/v1/me/tracks?offset=0&limit=20,"{'added_at': '2020-03-09T15:00:54Z', 'track': {'album': {'album_type': 'album', 'artists': [{'external_urls': {'spotify': 'https://open.spotify.com/artist/7FCvMREKd4Uuo3HsyX6uwk'}, 'href': 'https://api.spotify.com/v1/artists/7FCvMREKd4Uuo3HsyX6uwk', 'id': '7FCvMREKd4Uuo3HsyX6uwk', 'name': 'Chapel Of Disease', 'type': 'artist', 'uri': 'spotify:artist:7FCvMREKd4Uuo3HsyX6uwk'}], 'available_markets': ['AD', 'AE', 'AR', 'AT', 'AU', 'BE', 'BG', 'BH', 'BO', 'BR', 'CA', 'CH', 'CL', 'CO', 'CR', 'CY', 'CZ', 'DE', 'DK', 'DO', 'DZ', 'EC', 'EE', 'EG', 'ES', 'FI', 'FR', 'GB', 'GR', 'GT', 'HK', 'HN', 'HU', 'ID', 'IE', 'IL', 'IN', 'IS', 'IT', 'JO', 'JP', 'KW', 'LB', 'LI', 'LT', 'LU', 'LV', 'MA', 'MC', 'MT', 'MX', 'MY', 'NI', 'NL', 'NO', 'NZ', 'OM', 'PA', 'PE', 'PH', 'PL', 'PS', 'PT', 'PY', 'QA', 'RO', 'SA', 'SE', 'SG', 'SK', 'SV', 'TH', 'TN', 'TR', 'TW', 'US', 'UY', 'VN', 'ZA'], 'external_urls': {'spotify': 'https://open.spotify.com/album/7cye2BphSsKue2ug5FymzI'}, 'href': 'https://api.spotify.com/v1/albums/7cye2BphSsKue2ug5FymzI', 'id': '7cye2BphSsKue2ug5FymzI', 'images': [{'height': 640, 'url': 'https://i.scdn.co/image/ab67616d0000b2734e8f5added307e252ccf6ac9', 'width': 640}, {'height': 300, 'url': 'https://i.scdn.co/image/ab67616d00001e024e8f5added307e252ccf6ac9', 'width': 300}, {'height': 64, 'url': 'https://i.scdn.co/image/ab67616d000048514e8f5added307e252ccf6ac9', 'width': 64}], 'name': '...And as We Have Seen the Storm, We Have Embraced the Eye', 'release_date': '2018-11-23', 'release_date_precision': 'day', 'total_tracks': 6, 'type': 'album', 'uri': 'spotify:album:7cye2BphSsKue2ug5FymzI'}, 'artists': [{'external_urls': {'spotify': 'https://open.spotify.com/artist/7FCvMREKd4Uuo3HsyX6uwk'}, 'href': 'https://api.spotify.com/v1/artists/7FCvMREKd4Uuo3HsyX6uwk', 'id': '7FCvMREKd4Uuo3HsyX6uwk', 'name': 'Chapel Of Disease', 'type': 'artist', 'uri': 'spotify:artist:7FCvMREKd4Uuo3HsyX6uwk'}], 'available_markets': ['AD', 'AE', 'AR', 'AT', 'AU', 'BE', 'BG', 'BH', 'BO', 'BR', 'CA', 'CH', 'CL', 'CO', 'CR', 'CY', 'CZ', 'DE', 'DK', 'DO', 'DZ', 'EC', 'EE', 'EG', 'ES', 'FI', 'FR', 'GB', 'GR', 'GT', 'HK', 'HN', 'HU', 'ID', 'IE', 'IL', 'IN', 'IS', 'IT', 'JO', 'JP', 'KW', 'LB', 'LI', 'LT', 'LU', 'LV', 'MA', 'MC', 'MT', 'MX', 'MY', 'NI', 'NL', 'NO', 'NZ', 'OM', 'PA', 'PE', 'PH', 'PL', 'PS', 'PT', 'PY', 'QA', 'RO', 'SA', 'SE', 'SG', 'SK', 'SV', 'TH', 'TN', 'TR', 'TW', 'US', 'UY', 'VN', 'ZA'], 'disc_number': 1, 'duration_ms': 443893, 'explicit': False, 'external_ids': {'isrc': 'DENI11800618'}, 'external_urls': {'spotify': 'https://open.spotify.com/track/0JHknkAXBWNMMBu2jOdqdz'}, 'href': 'https://api.spotify.com/v1/tracks/0JHknkAXBWNMMBu2jOdqdz', 'id': '0JHknkAXBWNMMBu2jOdqdz', 'is_local': False, 'name': 'Void of Words', 'popularity': 28, 'preview_url': 'https://p.scdn.co/mp3-preview/53cb9b6b071e521161c5b68c2d9fb1a0027b1b94?cid=3a5a7e73cd16469bb411957e65ce1d3d', 'track_number': 1, 'type': 'track', 'uri': 'spotify:track:0JHknkAXBWNMMBu2jOdqdz'}}",20,https://api.spotify.com/v1/me/tracks?offset=20&limit=20,0,,749
4,https://api.spotify.com/v1/me/tracks?offset=0&limit=20,"{'added_at': '2020-03-05T14:20:18Z', 'track': {'album': {'album_type': 'album', 'artists': [{'external_urls': {'spotify': 'https://open.spotify.com/artist/2LXeJdQVcFkhkWydphLI74'}, 'href': 'https://api.spotify.com/v1/artists/2LXeJdQVcFkhkWydphLI74', 'id': '2LXeJdQVcFkhkWydphLI74', 'name': 'Liz Phair', 'type': 'artist', 'uri': 'spotify:artist:2LXeJdQVcFkhkWydphLI74'}], 'available_markets': ['AD', 'AE', 'AR', 'AT', 'AU', 'BE', 'BG', 'BH', 'BO', 'BR', 'CA', 'CH', 'CL', 'CO', 'CR', 'CY', 'CZ', 'DE', 'DK', 'DO', 'DZ', 'EC', 'EE', 'EG', 'ES', 'FI', 'FR', 'GB', 'GR', 'GT', 'HK', 'HN', 'HU', 'ID', 'IE', 'IL', 'IN', 'IS', 'IT', 'JO', 'JP', 'KW', 'LB', 'LI', 'LT', 'LU', 'LV', 'MA', 'MC', 'MT', 'MX', 'MY', 'NI', 'NL', 'NO', 'NZ', 'OM', 'PA', 'PE', 'PH', 'PL', 'PS', 'PT', 'PY', 'QA', 'RO', 'SA', 'SE', 'SG', 'SK', 'SV', 'TH', 'TN', 'TR', 'TW', 'US', 'UY', 'VN', 'ZA'], 'external_urls': {'spotify': 'https://open.spotify.com/album/444zYF83XQOTXmjke2JWU9'}, 'href': 'https://api.spotify.com/v1/albums/444zYF83XQOTXmjke2JWU9', 'id': '444zYF83XQOTXmjke2JWU9', 'images': [{'height': 640, 'url': 'https://i.scdn.co/image/ab67616d0000b2738a32971f62b42d607224a28b', 'width': 640}, {'height': 300, 'url': 'https://i.scdn.co/image/ab67616d00001e028a32971f62b42d607224a28b', 'width': 300}, {'height': 64, 'url': 'https://i.scdn.co/image/ab67616d000048518a32971f62b42d607224a28b', 'width': 64}], 'name': 'Exile In Guyville (Remastered)', 'release_date': '1993', 'release_date_precision': 'year', 'total_tracks': 18, 'type': 'album', 'uri': 'spotify:album:444zYF83XQOTXmjke2JWU9'}, 'artists': [{'external_urls': {'spotify': 'https://open.spotify.com/artist/2LXeJdQVcFkhkWydphLI74'}, 'href': 'https://api.spotify.com/v1/artists/2LXeJdQVcFkhkWydphLI74', 'id': '2LXeJdQVcFkhkWydphLI74', 'name': 'Liz Phair', 'type': 'artist', 'uri': 'spotify:artist:2LXeJdQVcFkhkWydphLI74'}], 'available_markets': ['AD', 'AE', 'AR', 'AT', 'AU', 'BE', 'BG', 'BH', 'BO', 'BR', 'CA', 'CH', 'CL', 'CO', 'CR', 'CY', 'CZ', 'DE', 'DK', 'DO', 'DZ', 'EC', 'EE', 'EG', 'ES', 'FI', 'FR', 'GB', 'GR', 'GT', 'HK', 'HN', 'HU', 'ID', 'IE', 'IL', 'IN', 'IS', 'IT', 'JO', 'JP', 'KW', 'LB', 'LI', 'LT', 'LU', 'LV', 'MA', 'MC', 'MT', 'MX', 'MY', 'NI', 'NL', 'NO', 'NZ', 'OM', 'PA', 'PE', 'PH', 'PL', 'PS', 'PT', 'PY', 'QA', 'RO', 'SA', 'SE', 'SG', 'SK', 'SV', 'TH', 'TN', 'TR', 'TW', 'US', 'UY', 'VN', 'ZA'], 'disc_number': 1, 'duration_ms': 187933, 'explicit': True, 'external_ids': {'isrc': 'USMTD1810604'}, 'external_urls': {'spotify': 'https://open.spotify.com/track/1dEv8KfhvSrwwmIC38uFZ3'}, 'href': 'https://api.spotify.com/v1/tracks/1dEv8KfhvSrwwmIC38uFZ3', 'id': '1dEv8KfhvSrwwmIC38uFZ3', 'is_local': False, 'name': 'Fuck and Run (Remastered)', 'popularity': 48, 'preview_url': 'https://p.scdn.co/mp3-preview/4a67ae92ba1adcd9610b10bdf2687b39b8248c7a?cid=3a5a7e73cd16469bb411957e65ce1d3d', 'track_number': 10, 'type': 'track', 'uri': 'spotify:track:1dEv8KfhvSrwwmIC38uFZ3'}}",20,https://api.spotify.com/v1/me/tracks?offset=20&limit=20,0,,749
5,https://api.spotify.com/v1/me/tracks?offset=0&limit=20,"{'added_at': '2020-03-04T19:35:32Z', 'track': {'album': {'album_type': 'album', 'artists': [{'external_urls': {'spotify': 'https://open.spotify.com/artist/3csPCeXsj2wezyvkRFzvmV'}, 'href': 'https://api.spotify.com/v1/artists/3csPCeXsj2wezyvkRFzvmV', 'id': '3csPCeXsj2wezyvkRFzvmV', 'name': 'Orbital', 'type': 'artist', 'uri': 'spotify:artist:3csPCeXsj2wezyvkRFzvmV'}], 'available_markets': ['AD', 'AE', 'AR', 'AT', 'AU', 'BE', 'BG', 'BH', 'BO', 'BR', 'CA', 'CH', 'CL', 'CO', 'CR', 'CY', 'CZ', 'DE', 'DK', 'DO', 'DZ', 'EC', 'EE', 'EG', 'ES', 'FI', 'FR', 'GB', 'GR', 'GT', 'HK', 'HN', 'HU', 'ID', 'IE', 'IL', 'IS', 'IT', 'JO', 'JP', 'KW', 'LB', 'LI', 'LT', 'LU', 'LV', 'MA', 'MC', 'MT', 'MX', 'MY', 'NI', 'NL', 'NO', 'NZ', 'OM', 'PA', 'PE', 'PH', 'PL', 'PS', 'PT', 'PY', 'QA', 'RO', 'SA', 'SE', 'SG', 'SK', 'SV', 'TH', 'TN', 'TR', 'TW', 'US', 'UY', 'VN', 'ZA'], 'external_urls': {'spotify': 'https://open.spotify.com/album/1JYyYFJSYrXMHLe7Dz1B3W'}, 'href': 'https://api.spotify.com/v1/albums/1JYyYFJSYrXMHLe7Dz1B3W', 'id': '1JYyYFJSYrXMHLe7Dz1B3W', 'images': [{'height': 640, 'url': 'https://i.scdn.co/image/ab67616d0000b27373facf42264da43c82b1f93f', 'width': 640}, {'height': 300, 'url': 'https://i.scdn.co/image/ab67616d00001e0273facf42264da43c82b1f93f', 'width': 300}, {'height': 64, 'url': 'https://i.scdn.co/image/ab67616d0000485173facf42264da43c82b1f93f', 'width': 64}], 'name': 'Orbital 2', 'release_date': '1993-01-01', 'release_date_precision': 'day', 'total_tracks': 10, 'type': 'album', 'uri': 'spotify:album:1JYyYFJSYrXMHLe7Dz1B3W'}, 'artists': [{'external_urls': {'spotify': 'https://open.spotify.com/artist/3csPCeXsj2wezyvkRFzvmV'}, 'href': 'https://api.spotify.com/v1/artists/3csPCeXsj2wezyvkRFzvmV', 'id': '3csPCeXsj2wezyvkRFzvmV', 'name': 'Orbital', 'type': 'artist', 'uri': 'spotify:artist:3csPCeXsj2wezyvkRFzvmV'}], 'available_markets': ['AD', 'AE', 'AR', 'AT', 'AU', 'BE', 'BG', 'BH', 'BO', 'BR', 'CA', 'CH', 'CL', 'CO', 'CR', 'CY', 'CZ', 'DE', 'DK', 'DO', 'DZ', 'EC', 'EE', 'EG', 'ES', 'FI', 'FR', 'GB', 'GR', 'GT', 'HK', 'HN', 'HU', 'ID', 'IE', 'IL', 'IS', 'IT', 'JO', 'JP', 'KW', 'LB', 'LI', 'LT', 'LU', 'LV', 'MA', 'MC', 'MT', 'MX', 'MY', 'NI', 'NL', 'NO', 'NZ', 'OM', 'PA', 'PE', 'PH', 'PL', 'PS', 'PT', 'PY', 'QA', 'RO', 'SA', 'SE', 'SG', 'SK', 'SV', 'TH', 'TN', 'TR', 'TW', 'US', 'UY', 'VN', 'ZA'], 'disc_number': 1, 'duration_ms': 567106, 'explicit': False, 'external_ids': {'isrc': 'GBAAP9500471'}, 'external_urls': {'spotify': 'https://open.spotify.com/track/5xcunlfaZvD9BDQsLONI7A'}, 'href': 'https://api.spotify.com/v1/tracks/5xcunlfaZvD9BDQsLONI7A', 'id': '5xcunlfaZvD9BDQsLONI7A', 'is_local': False, 'name': 'Halcyon and On and On', 'popularity': 54, 'preview_url': 'https://p.scdn.co/mp3-preview/526b7f82cac03669ff1d5ea01aeb7e7cd64d5410?cid=3a5a7e73cd16469bb411957e65ce1d3d', 'track_number': 9, 'type': 'track', 'uri': 'spotify:track:5xcunlfaZvD9BDQsLONI7A'}}",20,https://api.spotify.com/v1/me/tracks?offset=20&limit=20,0,,749
6,https://api.spotify.com/v1/me/tracks?offset=0&limit=20,"{'added_at': '2020-03-02T23:40:16Z', 'track': {'album': {'album_type': 'single', 'artists': [{'external_urls': {'spotify': 'https://open.spotify.com/artist/0cKyWvYnOGpPV2NpulEYf5'}, 'href': 'https://api.spotify.com/v1/artists/0cKyWvYnOGpPV2NpulEYf5', 'id': '0cKyWvYnOGpPV2NpulEYf5', 'name': 'Winterfylleth', 'type': 'artist', 'uri': 'spotify:artist:0cKyWvYnOGpPV2NpulEYf5'}], 'available_markets': ['AD', 'AE', 'AR', 'AT', 'AU', 'BE', 'BG', 'BH', 'BO', 'BR', 'CA', 'CH', 'CL', 'CO', 'CR', 'CY', 'CZ', 'DE', 'DK', 'DO', 'DZ', 'EC', 'EE', 'EG', 'ES', 'FI', 'FR', 'GB', 'GR', 'GT', 'HK', 'HN', 'HU', 'ID', 'IE', 'IL', 'IN', 'IS', 'IT', 'JO', 'JP', 'KW', 'LB', 'LI', 'LT', 'LU', 'LV', 'MA', 'MC', 'MT', 'MX', 'MY', 'NI', 'NL', 'NO', 'NZ', 'OM', 'PA', 'PE', 'PH', 'PL', 'PS', 'PT', 'PY', 'QA', 'RO', 'SA', 'SE', 'SG', 'SK', 'SV', 'TH', 'TN', 'TR', 'TW', 'US', 'UY', 'VN', 'ZA'], 'external_urls': {'spotify': 'https://open.spotify.com/album/496mi4DVdLRKQLpP6XGm6E'}, 'href': 'https://api.spotify.com/v1/albums/496mi4DVdLRKQLpP6XGm6E', 'id': '496mi4DVdLRKQLpP6XGm6E', 'images': [{'height': 640, 'url': 'https://i.scdn.co/image/ab67616d0000b27378284936b24f4e562fefc4ce', 'width': 640}, {'height': 300, 'url': 'https://i.scdn.co/image/ab67616d00001e0278284936b24f4e562fefc4ce', 'width': 300}, {'height': 64, 'url': 'https://i.scdn.co/image/ab67616d0000485178284936b24f4e562fefc4ce', 'width': 64}], 'name': 'The Reckoning Dawn', 'release_date': '2020-02-21', 'release_date_precision': 'day', 'total_tracks': 1, 'type': 'album', 'uri': 'spotify:album:496mi4DVdLRKQLpP6XGm6E'}, 'artists': [{'external_urls': {'spotify': 'https://open.spotify.com/artist/0cKyWvYnOGpPV2NpulEYf5'}, 'href': 'https://api.spotify.com/v1/artists/0cKyWvYnOGpPV2NpulEYf5', 'id': '0cKyWvYnOGpPV2NpulEYf5', 'name': 'Winterfylleth', 'type': 'artist', 'uri': 'spotify:artist:0cKyWvYnOGpPV2NpulEYf5'}], 'available_markets': ['AD', 'AE', 'AR', 'AT', 'AU', 'BE', 'BG', 'BH', 'BO', 'BR', 'CA', 'CH', 'CL', 'CO', 'CR', 'CY', 'CZ', 'DE', 'DK', 'DO', 'DZ', 'EC', 'EE', 'EG', 'ES', 'FI', 'FR', 'GB', 'GR', 'GT', 'HK', 'HN', 'HU', 'ID', 'IE', 'IL', 'IN', 'IS', 'IT', 'JO', 'JP', 'KW', 'LB', 'LI', 'LT', 'LU', 'LV', 'MA', 'MC', 'MT', 'MX', 'MY', 'NI', 'NL', 'NO', 'NZ', 'OM', 'PA', 'PE', 'PH', 'PL', 'PS', 'PT', 'PY', 'QA', 'RO', 'SA', 'SE', 'SG', 'SK', 'SV', 'TH', 'TN', 'TR', 'TW', 'US', 'UY', 'VN', 'ZA'], 'disc_number': 1, 'duration_ms': 503133, 'explicit': True, 'external_ids': {'isrc': 'GBUM72000005'}, 'external_urls': {'spotify': 'https://open.spotify.com/track/5RLxopxcGRZaNcC7m0PrBO'}, 'href': 'https://api.spotify.com/v1/tracks/5RLxopxcGRZaNcC7m0PrBO', 'id': '5RLxopxcGRZaNcC7m0PrBO', 'is_local': False, 'name': 'The Reckoning Dawn', 'popularity': 38, 'preview_url': 'https://p.scdn.co/mp3-preview/3eee87176a146ea21f12ffd7c2ef6cb0bd5c6e98?cid=3a5a7e73cd16469bb411957e65ce1d3d', 'track_number': 1, 'type': 'track', 'uri': 'spotify:track:5RLxopxcGRZaNcC7m0PrBO'}}",20,https://api.spotify.com/v1/me/tracks?offset=20&limit=20,0,,749
7,https://api.spotify.com/v1/me/tracks?offset=0&limit=20,"{'added_at': '2020-03-02T21:45:19Z', 'track': {'album': {'album_type': 'single', 'artists': [{'external_urls': {'spotify': 'https://open.spotify.com/artist/1SCShrlrPEQfoQernUskjL'}, 'href': 'https://api.spotify.com/v1/artists/1SCShrlrPEQfoQernUskjL', 'id': '1SCShrlrPEQfoQernUskjL', 'name': 'Huntsmen', 'type': 'artist', 'uri': 'spotify:artist:1SCShrlrPEQfoQernUskjL'}], 'available_markets': ['AD', 'AE', 'AR', 'AT', 'AU', 'BE', 'BG', 'BH', 'BO', 'BR', 'CA', 'CH', 'CL', 'CO', 'CR', 'CY', 'CZ', 'DE', 'DK', 'DO', 'DZ', 'EC', 'EE', 'EG', 'ES', 'FI', 'FR', 'GB', 'GR', 'GT', 'HK', 'HN', 'HU', 'ID', 'IE', 'IL', 'IN', 'IS', 'IT', 'JO', 'JP', 'KW', 'LB', 'LI', 'LT', 'LU', 'LV', 'MA', 'MC', 'MT', 'MX', 'MY', 'NI', 'NL', 'NO', 'NZ', 'OM', 'PA', 'PE', 'PH', 'PL', 'PS', 'PT', 'PY', 'QA', 'RO', 'SA', 'SE', 'SG', 'SK', 'SV', 'TH', 'TN', 'TR', 'TW', 'US', 'UY', 'VN', 'ZA'], 'external_urls': {'spotify': 'https://open.spotify.com/album/6PB0kLGdMK37lkAUma51Y6'}, 'href': 'https://api.spotify.com/v1/albums/6PB0kLGdMK37lkAUma51Y6', 'id': '6PB0kLGdMK37lkAUma51Y6', 'images': [{'height': 640, 'url': 'https://i.scdn.co/image/ab67616d0000b273484c1ff8c54232b26d909047', 'width': 640}, {'height': 300, 'url': 'https://i.scdn.co/image/ab67616d00001e02484c1ff8c54232b26d909047', 'width': 300}, {'height': 64, 'url': 'https://i.scdn.co/image/ab67616d00004851484c1ff8c54232b26d909047', 'width': 64}], 'name': 'God Will Stop Trying', 'release_date': '2020-02-28', 'release_date_precision': 'day', 'total_tracks': 1, 'type': 'album', 'uri': 'spotify:album:6PB0kLGdMK37lkAUma51Y6'}, 'artists': [{'external_urls': {'spotify': 'https://open.spotify.com/artist/1SCShrlrPEQfoQernUskjL'}, 'href': 'https://api.spotify.com/v1/artists/1SCShrlrPEQfoQernUskjL', 'id': '1SCShrlrPEQfoQernUskjL', 'name': 'Huntsmen', 'type': 'artist', 'uri': 'spotify:artist:1SCShrlrPEQfoQernUskjL'}], 'available_markets': ['AD', 'AE', 'AR', 'AT', 'AU', 'BE', 'BG', 'BH', 'BO', 'BR', 'CA', 'CH', 'CL', 'CO', 'CR', 'CY', 'CZ', 'DE', 'DK', 'DO', 'DZ', 'EC', 'EE', 'EG', 'ES', 'FI', 'FR', 'GB', 'GR', 'GT', 'HK', 'HN', 'HU', 'ID', 'IE', 'IL', 'IN', 'IS', 'IT', 'JO', 'JP', 'KW', 'LB', 'LI', 'LT', 'LU', 'LV', 'MA', 'MC', 'MT', 'MX', 'MY', 'NI', 'NL', 'NO', 'NZ', 'OM', 'PA', 'PE', 'PH', 'PL', 'PS', 'PT', 'PY', 'QA', 'RO', 'SA', 'SE', 'SG', 'SK', 'SV', 'TH', 'TN', 'TR', 'TW', 'US', 'UY', 'VN', 'ZA'], 'disc_number': 1, 'duration_ms': 441122, 'explicit': False, 'external_ids': {'isrc': 'USERN1010044'}, 'external_urls': {'spotify': 'https://open.spotify.com/track/5Xg4qF2C43S3OfWmaFP5IM'}, 'href': 'https://api.spotify.com/v1/tracks/5Xg4qF2C43S3OfWmaFP5IM', 'id': '5Xg4qF2C43S3OfWmaFP5IM', 'is_local': False, 'name': 'God Will Stop Trying', 'popularity': 31, 'preview_url': 'https://p.scdn.co/mp3-preview/4251e4ca102db403138e7eb5db87e460299524a2?cid=3a5a7e73cd16469bb411957e65ce1d3d', 'track_number': 1, 'type': 'track', 'uri': 'spotify:track:5Xg4qF2C43S3OfWmaFP5IM'}}",20,https://api.spotify.com/v1/me/tracks?offset=20&limit=20,0,,749
8,https://api.spotify.com/v1/me/tracks?offset=0&limit=20,"{'added_at': '2020-03-02T14:59:11Z', 'track': {'album': {'album_type': 'single', 'artists': [{'external_urls': {'spotify': 'https://open.spotify.com/artist/70Dq7XQ95jLPUfMoVbcnuS'}, 'href': 'https://api.spotify.com/v1/artists/70Dq7XQ95jLPUfMoVbcnuS', 'id': '70Dq7XQ95jLPUfMoVbcnuS', 'name': 'MCC [Magna Carta Cartel]', 'type': 'artist', 'uri': 'spotify:artist:70Dq7XQ95jLPUfMoVbcnuS'}], 'available_markets': ['AD', 'AE', 'AR', 'AT', 'AU', 'BE', 'BG', 'BH', 'BO', 'BR', 'CA', 'CH', 'CL', 'CO', 'CR', 'CY', 'CZ', 'DE', 'DK', 'DO', 'DZ', 'EC', 'EE', 'EG', 'ES', 'FI', 'FR', 'GB', 'GR', 'GT', 'HK', 'HN', 'HU', 'ID', 'IE', 'IL', 'IN', 'IS', 'IT', 'JO', 'JP', 'KW', 'LB', 'LI', 'LT', 'LU', 'LV', 'MA', 'MC', 'MT', 'MX', 'MY', 'NI', 'NL', 'NO', 'NZ', 'OM', 'PA', 'PE', 'PH', 'PL', 'PS', 'PT', 'PY', 'QA', 'RO', 'SA', 'SE', 'SG', 'SK', 'SV', 'TH', 'TN', 'TR', 'TW', 'US', 'UY', 'VN', 'ZA'], 'external_urls': {'spotify': 'https://open.spotify.com/album/5y5BGKxRhgrjOaHi8cex5h'}, 'href': 'https://api.spotify.com/v1/albums/5y5BGKxRhgrjOaHi8cex5h', 'id': '5y5BGKxRhgrjOaHi8cex5h', 'images': [{'height': 640, 'url': 'https://i.scdn.co/image/ab67616d0000b2731518af6ad05b576a669b2143', 'width': 640}, {'height': 300, 'url': 'https://i.scdn.co/image/ab67616d00001e021518af6ad05b576a669b2143', 'width': 300}, {'height': 64, 'url': 'https://i.scdn.co/image/ab67616d000048511518af6ad05b576a669b2143', 'width': 64}], 'name': 'The Demon King EP', 'release_date': '2017-05-05', 'release_date_precision': 'day', 'total_tracks': 5, 'type': 'album', 'uri': 'spotify:album:5y5BGKxRhgrjOaHi8cex5h'}, 'artists': [{'external_urls': {'spotify': 'https://open.spotify.com/artist/70Dq7XQ95jLPUfMoVbcnuS'}, 'href': 'https://api.spotify.com/v1/artists/70Dq7XQ95jLPUfMoVbcnuS', 'id': '70Dq7XQ95jLPUfMoVbcnuS', 'name': 'MCC [Magna Carta Cartel]', 'type': 'artist', 'uri': 'spotify:artist:70Dq7XQ95jLPUfMoVbcnuS'}], 'available_markets': ['AD', 'AE', 'AR', 'AT', 'AU', 'BE', 'BG', 'BH', 'BO', 'BR', 'CA', 'CH', 'CL', 'CO', 'CR', 'CY', 'CZ', 'DE', 'DK', 'DO', 'DZ', 'EC', 'EE', 'EG', 'ES', 'FI', 'FR', 'GB', 'GR', 'GT', 'HK', 'HN', 'HU', 'ID', 'IE', 'IL', 'IN', 'IS', 'IT', 'JO', 'JP', 'KW', 'LB', 'LI', 'LT', 'LU', 'LV', 'MA', 'MC', 'MT', 'MX', 'MY', 'NI', 'NL', 'NO', 'NZ', 'OM', 'PA', 'PE', 'PH', 'PL', 'PS', 'PT', 'PY', 'QA', 'RO', 'SA', 'SE', 'SG', 'SK', 'SV', 'TH', 'TN', 'TR', 'TW', 'US', 'UY', 'VN', 'ZA'], 'disc_number': 1, 'duration_ms': 239320, 'explicit': False, 'external_ids': {'isrc': 'SE3D71700103'}, 'external_urls': {'spotify': 'https://open.spotify.com/track/4MFSIYY8QCJEy1xrDv5pZm'}, 'href': 'https://api.spotify.com/v1/tracks/4MFSIYY8QCJEy1xrDv5pZm', 'id': '4MFSIYY8QCJEy1xrDv5pZm', 'is_local': False, 'name': 'Turn', 'popularity': 39, 'preview_url': 'https://p.scdn.co/mp3-preview/9679ea17d83a29a1ea5ae30ac53b43ba8653dcdb?cid=3a5a7e73cd16469bb411957e65ce1d3d', 'track_number': 3, 'type': 'track', 'uri': 'spotify:track:4MFSIYY8QCJEy1xrDv5pZm'}}",20,https://api.spotify.com/v1/me/tracks?offset=20&limit=20,0,,749
9,https://api.spotify.com/v1/me/tracks?offset=0&limit=20,"{'added_at': '2020-03-02T13:29:09Z', 'track': {'album': {'album_type': 'album', 'artists': [{'external_urls': {'spotify': 'https://open.spotify.com/artist/721C5U5rM8J0jjq6IQuSBK'}, 'href': 'https://api.spotify.com/v1/artists/721C5U5rM8J0jjq6IQuSBK', 'id': '721C5U5rM8J0jjq6IQuSBK', 'name': 'Sólstafir', 'type': 'artist', 'uri': 'spotify:artist:721C5U5rM8J0jjq6IQuSBK'}], 'available_markets': ['AD', 'AE', 'AR', 'AT', 'AU', 'BE', 'BG', 'BH', 'BO', 'BR', 'CA', 'CH', 'CL', 'CO', 'CR', 'CY', 'CZ', 'DE', 'DK', 'DO', 'DZ', 'EC', 'EE', 'EG', 'ES', 'FI', 'FR', 'GB', 'GR', 'GT', 'HK', 'HN', 'HU', 'ID', 'IE', 'IL', 'IN', 'IS', 'IT', 'JO', 'JP', 'KW', 'LB', 'LI', 'LT', 'LU', 'LV', 'MA', 'MC', 'MT', 'MX', 'MY', 'NI', 'NL', 'NO', 'NZ', 'OM', 'PA', 'PE', 'PH', 'PL', 'PS', 'PT', 'PY', 'QA', 'RO', 'SA', 'SE', 'SG', 'SK', 'SV', 'TH', 'TN', 'TR', 'TW', 'US', 'UY', 'VN', 'ZA'], 'external_urls': {'spotify': 'https://open.spotify.com/album/0HqcHMC54fcVF11WuN5fV2'}, 'href': 'https://api.spotify.com/v1/albums/0HqcHMC54fcVF11WuN5fV2', 'id': '0HqcHMC54fcVF11WuN5fV2', 'images': [{'height': 640, 'url': 'https://i.scdn.co/image/ab67616d0000b273ed6d0cb3f3bea5ba32c8f49a', 'width': 640}, {'height': 300, 'url': 'https://i.scdn.co/image/ab67616d00001e02ed6d0cb3f3bea5ba32c8f49a', 'width': 300}, {'height': 64, 'url': 'https://i.scdn.co/image/ab67616d00004851ed6d0cb3f3bea5ba32c8f49a', 'width': 64}], 'name': 'Berdreyminn', 'release_date': '2017-05-26', 'release_date_precision': 'day', 'total_tracks': 8, 'type': 'album', 'uri': 'spotify:album:0HqcHMC54fcVF11WuN5fV2'}, 'artists': [{'external_urls': {'spotify': 'https://open.spotify.com/artist/721C5U5rM8J0jjq6IQuSBK'}, 'href': 'https://api.spotify.com/v1/artists/721C5U5rM8J0jjq6IQuSBK', 'id': '721C5U5rM8J0jjq6IQuSBK', 'name': 'Sólstafir', 'type': 'artist', 'uri': 'spotify:artist:721C5U5rM8J0jjq6IQuSBK'}], 'available_markets': ['AD', 'AE', 'AR', 'AT', 'AU', 'BE', 'BG', 'BH', 'BO', 'BR', 'CA', 'CH', 'CL', 'CO', 'CR', 'CY', 'CZ', 'DE', 'DK', 'DO', 'DZ', 'EC', 'EE', 'EG', 'ES', 'FI', 'FR', 'GB', 'GR', 'GT', 'HK', 'HN', 'HU', 'ID', 'IE', 'IL', 'IN', 'IS', 'IT', 'JO', 'JP', 'KW', 'LB', 'LI', 'LT', 'LU', 'LV', 'MA', 'MC', 'MT', 'MX', 'MY', 'NI', 'NL', 'NO', 'NZ', 'OM', 'PA', 'PE', 'PH', 'PL', 'PS', 'PT', 'PY', 'QA', 'RO', 'SA', 'SE', 'SG', 'SK', 'SV', 'TH', 'TN', 'TR', 'TW', 'US', 'UY', 'VN', 'ZA'], 'disc_number': 1, 'duration_ms': 414190, 'explicit': False, 'external_ids': {'isrc': 'FR33T1741203'}, 'external_urls': {'spotify': 'https://open.spotify.com/track/6l2YlgrnMHCHUqPGs8kvwk'}, 'href': 'https://api.spotify.com/v1/tracks/6l2YlgrnMHCHUqPGs8kvwk', 'id': '6l2YlgrnMHCHUqPGs8kvwk', 'is_local': False, 'name': 'Silfur-Refur', 'popularity': 37, 'preview_url': 'https://p.scdn.co/mp3-preview/74dd9b975dd4eec2b057e2f0f27377403b339332?cid=3a5a7e73cd16469bb411957e65ce1d3d', 'track_number': 1, 'type': 'track', 'uri': 'spotify:track:6l2YlgrnMHCHUqPGs8kvwk'}}",20,https://api.spotify.com/v1/me/tracks?offset=20&limit=20,0,,749
10,https://api.spotify.com/v1/me/tracks?offset=0&limit=20,"{'added_at': '2020-02-17T16:09:21Z', 'track': {'album': {'album_type': 'album', 'artists': [{'external_urls': {'spotify': 'https://open.spotify.com/artist/3AMut7lAb1JjINkn8Fmkhu'}, 'href': 'https://api.spotify.com/v1/artists/3AMut7lAb1JjINkn8Fmkhu', 'id': '3AMut7lAb1JjINkn8Fmkhu', 'name': 'MAXIMUM THE HORMONE', 'type': 'artist', 'uri': 'spotify:artist:3AMut7lAb1JjINkn8Fmkhu'}], 'available_markets': ['AD', 'AR', 'AT', 'AU', 'BE', 'BG', 'BO', 'BR', 'CA', 'CH', 'CL', 'CO', 'CR', 'CY', 'CZ', 'DE', 'DK', 'DO', 'EC', 'EE', 'ES', 'FI', 'FR', 'GB', 'GR', 'GT', 'HK', 'HN', 'HU', 'ID', 'IE', 'IS', 'IT', 'LI', 'LT', 'LU', 'LV', 'MC', 'MT', 'MX', 'MY', 'NI', 'NL', 'NO', 'NZ', 'PA', 'PE', 'PH', 'PL', 'PT', 'PY', 'SE', 'SG', 'SK', 'SV', 'TH', 'TR', 'TW', 'US', 'UY'], 'external_urls': {'spotify': 'https://open.spotify.com/album/5hQ7cw4d3lnUu8LRFLeOwf'}, 'href': 'https://api.spotify.com/v1/albums/5hQ7cw4d3lnUu8LRFLeOwf', 'id': '5hQ7cw4d3lnUu8LRFLeOwf', 'images': [{'height': 640, 'url': 'https://i.scdn.co/image/ab67616d0000b273130a8d906137dbbe21b1f87e', 'width': 640}, {'height': 300, 'url': 'https://i.scdn.co/image/ab67616d00001e02130a8d906137dbbe21b1f87e', 'width': 300}, {'height': 64, 'url': 'https://i.scdn.co/image/ab67616d00004851130a8d906137dbbe21b1f87e', 'width': 64}], 'name': 'Yoshu Fukushu', 'release_date': '2013-07-31', 'release_date_precision': 'day', 'total_tracks': 15, 'type': 'album', 'uri': 'spotify:album:5hQ7cw4d3lnUu8LRFLeOwf'}, 'artists': [{'external_urls': {'spotify': 'https://open.spotify.com/artist/3AMut7lAb1JjINkn8Fmkhu'}, 'href': 'https://api.spotify.com/v1/artists/3AMut7lAb1JjINkn8Fmkhu', 'id': '3AMut7lAb1JjINkn8Fmkhu', 'name': 'MAXIMUM THE HORMONE', 'type': 'artist', 'uri': 'spotify:artist:3AMut7lAb1JjINkn8Fmkhu'}], 'available_markets': ['AD', 'AR', 'AT', 'AU', 'BE', 'BG', 'BO', 'BR', 'CA', 'CH', 'CL', 'CO', 'CR', 'CY', 'CZ', 'DE', 'DK', 'DO', 'EC', 'EE', 'ES', 'FI', 'FR', 'GB', 'GR', 'GT', 'HK', 'HN', 'HU', 'ID', 'IE', 'IS', 'IT', 'LI', 'LT', 'LU', 'LV', 'MC', 'MT', 'MX', 'MY', 'NI', 'NL', 'NO', 'NZ', 'PA', 'PE', 'PH', 'PL', 'PT', 'PY', 'SE', 'SG', 'SK', 'SV', 'TH', 'TR', 'TW', 'US', 'UY'], 'disc_number': 1, 'duration_ms': 286573, 'explicit': False, 'external_ids': {'isrc': 'JPVP01313710'}, 'external_urls': {'spotify': 'https://open.spotify.com/track/5jGf2ywCGbBGJ9KGLQ5QeN'}, 'href': 'https://api.spotify.com/v1/tracks/5jGf2ywCGbBGJ9KGLQ5QeN', 'id': '5jGf2ywCGbBGJ9KGLQ5QeN', 'is_local': False, 'name': 'A-L-I-E-N', 'popularity': 38, 'preview_url': 'https://p.scdn.co/mp3-preview/f9d54c826f8c399c85a2ec917c380ed430a60bd2?cid=3a5a7e73cd16469bb411957e65ce1d3d', 'track_number': 10, 'type': 'track', 'uri': 'spotify:track:5jGf2ywCGbBGJ9KGLQ5QeN'}}",20,https://api.spotify.com/v1/me/tracks?offset=20&limit=20,0,,749
11,https://api.spotify.com/v1/me/tracks?offset=0&limit=20,"{'added_at': '2020-02-16T13:11:57Z', 'track': {'album': {'album_type': 'album', 'artists': [{'external_urls': {'spotify': 'https://open.spotify.com/artist/4uYwLU7k03RCQSRXGtQGg0'}, 'href': 'https://api.spotify.com/v1/artists/4uYwLU7k03RCQSRXGtQGg0', 'id': '4uYwLU7k03RCQSRXGtQGg0', 'name': 'Orgy', 'type': 'artist', 'uri': 'spotify:artist:4uYwLU7k03RCQSRXGtQGg0'}], 'available_markets': ['AD', 'AE', 'AR', 'AT', 'AU', 'BE', 'BG', 'BH', 'BO', 'BR', 'CA', 'CH', 'CL', 'CO', 'CR', 'CY', 'CZ', 'DE', 'DK', 'DO', 'DZ', 'EC', 'EE', 'EG', 'ES', 'FI', 'FR', 'GB', 'GR', 'GT', 'HK', 'HN', 'HU', 'ID', 'IE', 'IL', 'IS', 'IT', 'JO', 'JP', 'KW', 'LB', 'LI', 'LT', 'LU', 'LV', 'MA', 'MC', 'MT', 'MX', 'MY', 'NI', 'NL', 'NO', 'NZ', 'OM', 'PA', 'PE', 'PH', 'PL', 'PS', 'PT', 'PY', 'QA', 'RO', 'SA', 'SE', 'SG', 'SK', 'SV', 'TH', 'TN', 'TR', 'TW', 'US', 'UY', 'VN', 'ZA'], 'external_urls': {'spotify': 'https://open.spotify.com/album/5iprjaDXa5reRKpCL6L99A'}, 'href': 'https://api.spotify.com/v1/albums/5iprjaDXa5reRKpCL6L99A', 'id': '5iprjaDXa5reRKpCL6L99A', 'images': [{'height': 640, 'url': 'https://i.scdn.co/image/ab67616d0000b273e7692be3f17e50f0c5f49116', 'width': 640}, {'height': 300, 'url': 'https://i.scdn.co/image/ab67616d00001e02e7692be3f17e50f0c5f49116', 'width': 300}, {'height': 64, 'url': 'https://i.scdn.co/image/ab67616d00004851e7692be3f17e50f0c5f49116', 'width': 64}], 'name': 'Candyass', 'release_date': '1998-08-18', 'release_date_precision': 'day', 'total_tracks': 12, 'type': 'album', 'uri': 'spotify:album:5iprjaDXa5reRKpCL6L99A'}, 'artists': [{'external_urls': {'spotify': 'https://open.spotify.com/artist/4uYwLU7k03RCQSRXGtQGg0'}, 'href': 'https://api.spotify.com/v1/artists/4uYwLU7k03RCQSRXGtQGg0', 'id': '4uYwLU7k03RCQSRXGtQGg0', 'name': 'Orgy', 'type': 'artist', 'uri': 'spotify:artist:4uYwLU7k03RCQSRXGtQGg0'}], 'available_markets': ['AD', 'AE', 'AR', 'AT', 'AU', 'BE', 'BG', 'BH', 'BO', 'BR', 'CA', 'CH', 'CL', 'CO', 'CR', 'CY', 'CZ', 'DE', 'DK', 'DO', 'DZ', 'EC', 'EE', 'EG', 'ES', 'FI', 'FR', 'GB', 'GR', 'GT', 'HK', 'HN', 'HU', 'ID', 'IE', 'IL', 'IS', 'IT', 'JO', 'JP', 'KW', 'LB', 'LI', 'LT', 'LU', 'LV', 'MA', 'MC', 'MT', 'MX', 'MY', 'NI', 'NL', 'NO', 'NZ', 'OM', 'PA', 'PE', 'PH', 'PL', 'PS', 'PT', 'PY', 'QA', 'RO', 'SA', 'SE', 'SG', 'SK', 'SV', 'TH', 'TN', 'TR', 'TW', 'US', 'UY', 'VN', 'ZA'], 'disc_number': 1, 'duration_ms': 267000, 'explicit': False, 'external_ids': {'isrc': 'USRE19800365'}, 'external_urls': {'spotify': 'https://open.spotify.com/track/5267gVdYWrLoz6ClOhlqmE'}, 'href': 'https://api.spotify.com/v1/tracks/5267gVdYWrLoz6ClOhlqmE', 'id': '5267gVdYWrLoz6ClOhlqmE', 'is_local': False, 'name': 'Blue Monday', 'popularity': 58, 'preview_url': 'https://p.scdn.co/mp3-preview/099ecd4f9d1b360c102555948cb5dcdb34f89eb4?cid=3a5a7e73cd16469bb411957e65ce1d3d', 'track_number': 7, 'type': 'track', 'uri': 'spotify:track:5267gVdYWrLoz6ClOhlqmE'}}",20,https://api.spotify.com/v1/me/tracks?offset=20&limit=20,0,,749
12,https://api.spotify.com/v1/me/tracks?offset=0&limit=20,"{'added_at': '2020-02-12T16:01:27Z', 'track': {'album': {'album_type': 'compilation', 'artists': [{'external_urls': {'spotify': 'https://open.spotify.com/artist/3N1B1g6JtIgd6ClRkzD4yT'}, 'href': 'https://api.spotify.com/v1/artists/3N1B1g6JtIgd6ClRkzD4yT', 'id': '3N1B1g6JtIgd6ClRkzD4yT', 'name': 'Savatage', 'type': 'artist', 'uri': 'spotify:artist:3N1B1g6JtIgd6ClRkzD4yT'}], 'available_markets': ['AD', 'AE', 'AR', 'AT', 'AU', 'BE', 'BG', 'BH', 'BO', 'BR', 'CH', 'CL', 'CO', 'CR', 'CY', 'CZ', 'DE', 'DK', 'DO', 'DZ', 'EC', 'EE', 'EG', 'ES', 'FI', 'FR', 'GB', 'GR', 'GT', 'HK', 'HN', 'HU', 'ID', 'IE', 'IL', 'IN', 'IS', 'IT', 'JO', 'JP', 'KW', 'LB', 'LI', 'LT', 'LU', 'LV', 'MA', 'MC', 'MT', 'MY', 'NI', 'NL', 'NO', 'NZ', 'OM', 'PA', 'PE', 'PH', 'PL', 'PS', 'PT', 'PY', 'QA', 'RO', 'SA', 'SE', 'SG', 'SK', 'SV', 'TH', 'TN', 'TR', 'TW', 'UY', 'VN', 'ZA'], 'external_urls': {'spotify': 'https://open.spotify.com/album/3n5R8CXLZJRFDPsbgXIGrh'}, 'href': 'https://api.spotify.com/v1/albums/3n5R8CXLZJRFDPsbgXIGrh', 'id': '3n5R8CXLZJRFDPsbgXIGrh', 'images': [{'height': 640, 'url': 'https://i.scdn.co/image/ab67616d0000b27358a545761fda376a3a67ada6', 'width': 640}, {'height': 300, 'url': 'https://i.scdn.co/image/ab67616d00001e0258a545761fda376a3a67ada6', 'width': 300}, {'height': 64, 'url': 'https://i.scdn.co/image/ab67616d0000485158a545761fda376a3a67ada6', 'width': 64}], 'name': 'Still the Orchestra Plays - Greatest Hits, Vol. 1 & 2', 'release_date': '2010-03-19', 'release_date_precision': 'day', 'total_tracks': 23, 'type': 'album', 'uri': 'spotify:album:3n5R8CXLZJRFDPsbgXIGrh'}, 'artists': [{'external_urls': {'spotify': 'https://open.spotify.com/artist/3N1B1g6JtIgd6ClRkzD4yT'}, 'href': 'https://api.spotify.com/v1/artists/3N1B1g6JtIgd6ClRkzD4yT', 'id': '3N1B1g6JtIgd6ClRkzD4yT', 'name': 'Savatage', 'type': 'artist', 'uri': 'spotify:artist:3N1B1g6JtIgd6ClRkzD4yT'}], 'available_markets': ['AD', 'AE', 'AR', 'AT', 'AU', 'BE', 'BG', 'BH', 'BO', 'BR', 'CH', 'CL', 'CO', 'CR', 'CY', 'CZ', 'DE', 'DK', 'DO', 'DZ', 'EC', 'EE', 'EG', 'ES', 'FI', 'FR', 'GB', 'GR', 'GT', 'HK', 'HN', 'HU', 'ID', 'IE', 'IL', 'IN', 'IS', 'IT', 'JO', 'JP', 'KW', 'LB', 'LI', 'LT', 'LU', 'LV', 'MA', 'MC', 'MT', 'MY', 'NI', 'NL', 'NO', 'NZ', 'OM', 'PA', 'PE', 'PH', 'PL', 'PS', 'PT', 'PY', 'QA', 'RO', 'SA', 'SE', 'SG', 'SK', 'SV', 'TH', 'TN', 'TR', 'TW', 'UY', 'VN', 'ZA'], 'disc_number': 2, 'duration_ms': 303120, 'explicit': False, 'external_ids': {'isrc': 'DEH840900491'}, 'external_urls': {'spotify': 'https://open.spotify.com/track/0l9uDbOnxueZyAuVtu6De3'}, 'href': 'https://api.spotify.com/v1/tracks/0l9uDbOnxueZyAuVtu6De3', 'id': '0l9uDbOnxueZyAuVtu6De3', 'is_local': False, 'name': 'Handful Of Rain', 'popularity': 27, 'preview_url': 'https://p.scdn.co/mp3-preview/515af76e7ed4892572544e4e00ac106420a36976?cid=3a5a7e73cd16469bb411957e65ce1d3d', 'track_number': 1, 'type': 'track', 'uri': 'spotify:track:0l9uDbOnxueZyAuVtu6De3'}}",20,https://api.spotify.com/v1/me/tracks?offset=20&limit=20,0,,749
13,https://api.spotify.com/v1/me/tracks?offset=0&limit=20,"{'added_at': '2020-02-10T14:21:26Z', 'track': {'album': {'album_type': 'album', 'artists': [{'external_urls': {'spotify': 'https://open.spotify.com/artist/1Zxl7JC5lyI1JAYZyiZhAo'}, 'href': 'https://api.spotify.com/v1/artists/1Zxl7JC5lyI1JAYZyiZhAo', 'id': '1Zxl7JC5lyI1JAYZyiZhAo', 'name': 'Astroqueen', 'type': 'artist', 'uri': 'spotify:artist:1Zxl7JC5lyI1JAYZyiZhAo'}], 'available_markets': ['AD', 'AE', 'AR', 'AT', 'AU', 'BE', 'BG', 'BH', 'BO', 'BR', 'CA', 'CH', 'CL', 'CO', 'CR', 'CY', 'CZ', 'DE', 'DK', 'DO', 'DZ', 'EC', 'EE', 'EG', 'ES', 'FI', 'FR', 'GB', 'GR', 'GT', 'HK', 'HN', 'HU', 'ID', 'IE', 'IL', 'IN', 'IS', 'IT', 'JO', 'JP', 'KW', 'LB', 'LI', 'LT', 'LU', 'LV', 'MA', 'MC', 'MT', 'MX', 'MY', 'NI', 'NL', 'NO', 'NZ', 'OM', 'PA', 'PE', 'PH', 'PL', 'PS', 'PT', 'PY', 'QA', 'RO', 'SA', 'SE', 'SG', 'SK', 'SV', 'TH', 'TN', 'TR', 'TW', 'US', 'UY', 'VN', 'ZA'], 'external_urls': {'spotify': 'https://open.spotify.com/album/4B9cytDNyVkzr4PFtN1SSq'}, 'href': 'https://api.spotify.com/v1/albums/4B9cytDNyVkzr4PFtN1SSq', 'id': '4B9cytDNyVkzr4PFtN1SSq', 'images': [{'height': 640, 'url': 'https://i.scdn.co/image/ab67616d0000b273bea32d6166d2105b271e2070', 'width': 640}, {'height': 300, 'url': 'https://i.scdn.co/image/ab67616d00001e02bea32d6166d2105b271e2070', 'width': 300}, {'height': 64, 'url': 'https://i.scdn.co/image/ab67616d00004851bea32d6166d2105b271e2070', 'width': 64}], 'name': 'Into Submission', 'release_date': '2002', 'release_date_precision': 'year', 'total_tracks': 11, 'type': 'album', 'uri': 'spotify:album:4B9cytDNyVkzr4PFtN1SSq'}, 'artists': [{'external_urls': {'spotify': 'https://open.spotify.com/artist/1Zxl7JC5lyI1JAYZyiZhAo'}, 'href': 'https://api.spotify.com/v1/artists/1Zxl7JC5lyI1JAYZyiZhAo', 'id': '1Zxl7JC5lyI1JAYZyiZhAo', 'name': 'Astroqueen', 'type': 'artist', 'uri': 'spotify:artist:1Zxl7JC5lyI1JAYZyiZhAo'}], 'available_markets': ['AD', 'AE', 'AR', 'AT', 'AU', 'BE', 'BG', 'BH', 'BO', 'BR', 'CA', 'CH', 'CL', 'CO', 'CR', 'CY', 'CZ', 'DE', 'DK', 'DO', 'DZ', 'EC', 'EE', 'EG', 'ES', 'FI', 'FR', 'GB', 'GR', 'GT', 'HK', 'HN', 'HU', 'ID', 'IE', 'IL', 'IN', 'IS', 'IT', 'JO', 'JP', 'KW', 'LB', 'LI', 'LT', 'LU', 'LV', 'MA', 'MC', 'MT', 'MX', 'MY', 'NI', 'NL', 'NO', 'NZ', 'OM', 'PA', 'PE', 'PH', 'PL', 'PS', 'PT', 'PY', 'QA', 'RO', 'SA', 'SE', 'SG', 'SK', 'SV', 'TH', 'TN', 'TR', 'TW', 'US', 'UY', 'VN', 'ZA'], 'disc_number': 1, 'duration_ms': 267493, 'explicit': False, 'external_ids': {'isrc': 'USA560452252'}, 'external_urls': {'spotify': 'https://open.spotify.com/track/5LpchRWh4lgFh3uNThdKrh'}, 'href': 'https://api.spotify.com/v1/tracks/5LpchRWh4lgFh3uNThdKrh', 'id': '5LpchRWh4lgFh3uNThdKrh', 'is_local': False, 'name': 'Superhuman God', 'popularity': 39, 'preview_url': 'https://p.scdn.co/mp3-preview/0927ffddd8c5b987d52cef41d6b067b797e566c7?cid=3a5a7e73cd16469bb411957e65ce1d3d', 'track_number': 3, 'type': 'track', 'uri': 'spotify:track:5LpchRWh4lgFh3uNThdKrh'}}",20,https://api.spotify.com/v1/me/tracks?offset=20&limit=20,0,,749
14,https://api.spotify.com/v1/me/tracks?offset=0&limit=20,"{'added_at': '2020-02-02T15:34:01Z', 'track': {'album': {'album_type': 'single', 'artists': [{'external_urls': {'spotify': 'https://open.spotify.com/artist/6KVc8Llznru8n9LVCYe9dz'}, 'href': 'https://api.spotify.com/v1/artists/6KVc8Llznru8n9LVCYe9dz', 'id': '6KVc8Llznru8n9LVCYe9dz', 'name': 'Death Angel', 'type': 'artist', 'uri': 'spotify:artist:6KVc8Llznru8n9LVCYe9dz'}], 'available_markets': [], 'external_urls': {'spotify': 'https://open.spotify.com/album/09guv4nVSZ4DQRhaE3e9vf'}, 'href': 'https://api.spotify.com/v1/albums/09guv4nVSZ4DQRhaE3e9vf', 'id': '09guv4nVSZ4DQRhaE3e9vf', 'images': [{'height': 640, 'url': 'https://i.scdn.co/image/ab67616d0000b273c65c117cbd29e08cd1981867', 'width': 640}, {'height': 300, 'url': 'https://i.scdn.co/image/ab67616d00001e02c65c117cbd29e08cd1981867', 'width': 300}, {'height': 64, 'url': 'https://i.scdn.co/image/ab67616d00004851c65c117cbd29e08cd1981867', 'width': 64}], 'name': 'Humanicide', 'release_date': '2019-03-22', 'release_date_precision': 'day', 'total_tracks': 1, 'type': 'album', 'uri': 'spotify:album:09guv4nVSZ4DQRhaE3e9vf'}, 'artists': [{'external_urls': {'spotify': 'https://open.spotify.com/artist/6KVc8Llznru8n9LVCYe9dz'}, 'href': 'https://api.spotify.com/v1/artists/6KVc8Llznru8n9LVCYe9dz', 'id': '6KVc8Llznru8n9LVCYe9dz', 'name': 'Death Angel', 'type': 'artist', 'uri': 'spotify:artist:6KVc8Llznru8n9LVCYe9dz'}], 'available_markets': [], 'disc_number': 1, 'duration_ms': 342280, 'explicit': False, 'external_ids': {'isrc': 'DED831900048'}, 'external_urls': {'spotify': 'https://open.spotify.com/track/5Lg8OFnLVKJSKgXQJVGpTT'}, 'href': 'https://api.spotify.com/v1/tracks/5Lg8OFnLVKJSKgXQJVGpTT', 'id': '5Lg8OFnLVKJSKgXQJVGpTT', 'is_local': False, 'name': 'Humanicide', 'popularity': 0, 'preview_url': None, 'track_number': 1, 'type': 'track', 'uri': 'spotify:track:5Lg8OFnLVKJSKgXQJVGpTT'}}",20,https://api.spotify.com/v1/me/tracks?offset=20&limit=20,0,,749
15,https://api.spotify.com/v1/me/tracks?offset=0&limit=20,"{'added_at': '2020-02-02T13:34:24Z', 'track': {'album': {'album_type': 'album', 'artists': [{'external_urls': {'spotify': 'https://open.spotify.com/artist/4VkWISgUF5AccCSs92mauh'}, 'href': 'https://api.spotify.com/v1/artists/4VkWISgUF5AccCSs92mauh', 'id': '4VkWISgUF5AccCSs92mauh', 'name': 'Abigail Williams', 'type': 'artist', 'uri': 'spotify:artist:4VkWISgUF5AccCSs92mauh'}], 'available_markets': ['AD', 'AE', 'AR', 'AU', 'BE', 'BG', 'BH', 'BO', 'BR', 'CA', 'CL', 'CO', 'CR', 'CY', 'CZ', 'DK', 'DO', 'DZ', 'EC', 'EE', 'EG', 'ES', 'FI', 'FR', 'GB', 'GR', 'GT', 'HK', 'HN', 'HU', 'ID', 'IE', 'IL', 'IN', 'IS', 'IT', 'JO', 'JP', 'KW', 'LB', 'LI', 'LT', 'LU', 'LV', 'MA', 'MC', 'MT', 'MX', 'MY', 'NI', 'NL', 'NO', 'NZ', 'OM', 'PA', 'PE', 'PH', 'PL', 'PS', 'PT', 'PY', 'QA', 'RO', 'SA', 'SE', 'SG', 'SK', 'SV', 'TH', 'TN', 'TR', 'TW', 'US', 'UY', 'VN', 'ZA'], 'external_urls': {'spotify': 'https://open.spotify.com/album/2opki3A3motjSWyiVfWQUu'}, 'href': 'https://api.spotify.com/v1/albums/2opki3A3motjSWyiVfWQUu', 'id': '2opki3A3motjSWyiVfWQUu', 'images': [{'height': 640, 'url': 'https://i.scdn.co/image/ab67616d0000b273313fdaae1b350cacd0ef0bcd', 'width': 640}, {'height': 300, 'url': 'https://i.scdn.co/image/ab67616d00001e02313fdaae1b350cacd0ef0bcd', 'width': 300}, {'height': 64, 'url': 'https://i.scdn.co/image/ab67616d00004851313fdaae1b350cacd0ef0bcd', 'width': 64}], 'name': 'Walk Beyond the Dark', 'release_date': '2019-11-15', 'release_date_precision': 'day', 'total_tracks': 7, 'type': 'album', 'uri': 'spotify:album:2opki3A3motjSWyiVfWQUu'}, 'artists': [{'external_urls': {'spotify': 'https://open.spotify.com/artist/4VkWISgUF5AccCSs92mauh'}, 'href': 'https://api.spotify.com/v1/artists/4VkWISgUF5AccCSs92mauh', 'id': '4VkWISgUF5AccCSs92mauh', 'name': 'Abigail Williams', 'type': 'artist', 'uri': 'spotify:artist:4VkWISgUF5AccCSs92mauh'}], 'available_markets': ['AD', 'AE', 'AR', 'AU', 'BE', 'BG', 'BH', 'BO', 'BR', 'CA', 'CL', 'CO', 'CR', 'CY', 'CZ', 'DK', 'DO', 'DZ', 'EC', 'EE', 'EG', 'ES', 'FI', 'FR', 'GB', 'GR', 'GT', 'HK', 'HN', 'HU', 'ID', 'IE', 'IL', 'IN', 'IS', 'IT', 'JO', 'JP', 'KW', 'LB', 'LI', 'LT', 'LU', 'LV', 'MA', 'MC', 'MT', 'MX', 'MY', 'NI', 'NL', 'NO', 'NZ', 'OM', 'PA', 'PE', 'PH', 'PL', 'PS', 'PT', 'PY', 'QA', 'RO', 'SA', 'SE', 'SG', 'SK', 'SV', 'TH', 'TN', 'TR', 'TW', 'US', 'UY', 'VN', 'ZA'], 'disc_number': 1, 'duration_ms': 482522, 'explicit': False, 'external_ids': {'isrc': 'TCAEJ1938081'}, 'external_urls': {'spotify': 'https://open.spotify.com/track/0a4f0gFFx42JegbCuMvMmO'}, 'href': 'https://api.spotify.com/v1/tracks/0a4f0gFFx42JegbCuMvMmO', 'id': '0a4f0gFFx42JegbCuMvMmO', 'is_local': False, 'name': 'I Will Depart', 'popularity': 34, 'preview_url': 'https://p.scdn.co/mp3-preview/d5838c50756dd6793c395b3cddc356947ac620e9?cid=3a5a7e73cd16469bb411957e65ce1d3d', 'track_number': 1, 'type': 'track', 'uri': 'spotify:track:0a4f0gFFx42JegbCuMvMmO'}}",20,https://api.spotify.com/v1/me/tracks?offset=20&limit=20,0,,749
16,https://api.spotify.com/v1/me/tracks?offset=0&limit=20,"{'added_at': '2020-01-31T15:06:39Z', 'track': {'album': {'album_type': 'single', 'artists': [{'external_urls': {'spotify': 'https://open.spotify.com/artist/3aCS3JvkoSr84i7ge9pA9o'}, 'href': 'https://api.spotify.com/v1/artists/3aCS3JvkoSr84i7ge9pA9o', 'id': '3aCS3JvkoSr84i7ge9pA9o', 'name': 'Game Theory', 'type': 'artist', 'uri': 'spotify:artist:3aCS3JvkoSr84i7ge9pA9o'}], 'available_markets': ['AD', 'AE', 'AR', 'AT', 'AU', 'BE', 'BG', 'BH', 'BO', 'BR', 'CA', 'CH', 'CL', 'CO', 'CR', 'CY', 'CZ', 'DE', 'DK', 'DO', 'DZ', 'EC', 'EE', 'EG', 'ES', 'FI', 'FR', 'GB', 'GR', 'GT', 'HK', 'HN', 'HU', 'ID', 'IE', 'IL', 'IS', 'IT', 'JO', 'JP', 'KW', 'LB', 'LI', 'LT', 'LU', 'LV', 'MA', 'MC', 'MT', 'MX', 'MY', 'NI', 'NL', 'NO', 'NZ', 'OM', 'PA', 'PE', 'PH', 'PL', 'PS', 'PT', 'PY', 'QA', 'RO', 'SA', 'SE', 'SG', 'SK', 'SV', 'TH', 'TN', 'TR', 'TW', 'US', 'UY', 'VN', 'ZA'], 'external_urls': {'spotify': 'https://open.spotify.com/album/4G3YRmFaJPe1LxpLa0dCsV'}, 'href': 'https://api.spotify.com/v1/albums/4G3YRmFaJPe1LxpLa0dCsV', 'id': '4G3YRmFaJPe1LxpLa0dCsV', 'images': [{'height': 640, 'url': 'https://i.scdn.co/image/ab67616d0000b273e02d50644226ec743e3558bc', 'width': 640}, {'height': 300, 'url': 'https://i.scdn.co/image/ab67616d00001e02e02d50644226ec743e3558bc', 'width': 300}, {'height': 64, 'url': 'https://i.scdn.co/image/ab67616d00004851e02d50644226ec743e3558bc', 'width': 64}], 'name': 'Inverness', 'release_date': '2020-01-24', 'release_date_precision': 'day', 'total_tracks': 1, 'type': 'album', 'uri': 'spotify:album:4G3YRmFaJPe1LxpLa0dCsV'}, 'artists': [{'external_urls': {'spotify': 'https://open.spotify.com/artist/3aCS3JvkoSr84i7ge9pA9o'}, 'href': 'https://api.spotify.com/v1/artists/3aCS3JvkoSr84i7ge9pA9o', 'id': '3aCS3JvkoSr84i7ge9pA9o', 'name': 'Game Theory', 'type': 'artist', 'uri': 'spotify:artist:3aCS3JvkoSr84i7ge9pA9o'}], 'available_markets': ['AD', 'AE', 'AR', 'AT', 'AU', 'BE', 'BG', 'BH', 'BO', 'BR', 'CA', 'CH', 'CL', 'CO', 'CR', 'CY', 'CZ', 'DE', 'DK', 'DO', 'DZ', 'EC', 'EE', 'EG', 'ES', 'FI', 'FR', 'GB', 'GR', 'GT', 'HK', 'HN', 'HU', 'ID', 'IE', 'IL', 'IS', 'IT', 'JO', 'JP', 'KW', 'LB', 'LI', 'LT', 'LU', 'LV', 'MA', 'MC', 'MT', 'MX', 'MY', 'NI', 'NL', 'NO', 'NZ', 'OM', 'PA', 'PE', 'PH', 'PL', 'PS', 'PT', 'PY', 'QA', 'RO', 'SA', 'SE', 'SG', 'SK', 'SV', 'TH', 'TN', 'TR', 'TW', 'US', 'UY', 'VN', 'ZA'], 'disc_number': 1, 'duration_ms': 231549, 'explicit': False, 'external_ids': {'isrc': 'QMWHB2015610'}, 'external_urls': {'spotify': 'https://open.spotify.com/track/7gdSWeMowPzVl8lSYqWy8B'}, 'href': 'https://api.spotify.com/v1/tracks/7gdSWeMowPzVl8lSYqWy8B', 'id': '7gdSWeMowPzVl8lSYqWy8B', 'is_local': False, 'name': 'Inverness', 'popularity': 20, 'preview_url': 'https://p.scdn.co/mp3-preview/161631c3361d47632f8d390f734ce6388291eee4?cid=3a5a7e73cd16469bb411957e65ce1d3d', 'track_number': 1, 'type': 'track', 'uri': 'spotify:track:7gdSWeMowPzVl8lSYqWy8B'}}",20,https://api.spotify.com/v1/me/tracks?offset=20&limit=20,0,,749
17,https://api.spotify.com/v1/me/tracks?offset=0&limit=20,"{'added_at': '2020-01-27T16:43:07Z', 'track': {'album': {'album_type': 'album', 'artists': [{'external_urls': {'spotify': 'https://open.spotify.com/artist/7wNm9hxB5MzFKEecCenxKJ'}, 'href': 'https://api.spotify.com/v1/artists/7wNm9hxB5MzFKEecCenxKJ', 'id': '7wNm9hxB5MzFKEecCenxKJ', 'name': 'Floater', 'type': 'artist', 'uri': 'spotify:artist:7wNm9hxB5MzFKEecCenxKJ'}], 'available_markets': ['AD', 'AE', 'AR', 'AT', 'AU', 'BE', 'BG', 'BH', 'BO', 'BR', 'CA', 'CH', 'CL', 'CO', 'CR', 'CY', 'CZ', 'DE', 'DK', 'DO', 'DZ', 'EC', 'EE', 'EG', 'ES', 'FI', 'FR', 'GB', 'GR', 'GT', 'HK', 'HN', 'HU', 'ID', 'IE', 'IL', 'IN', 'IS', 'IT', 'JO', 'JP', 'KW', 'LB', 'LI', 'LT', 'LU', 'LV', 'MA', 'MC', 'MT', 'MX', 'MY', 'NI', 'NL', 'NO', 'NZ', 'OM', 'PA', 'PE', 'PH', 'PL', 'PS', 'PT', 'PY', 'QA', 'RO', 'SA', 'SE', 'SG', 'SK', 'SV', 'TH', 'TN', 'TR', 'TW', 'US', 'UY', 'VN', 'ZA'], 'external_urls': {'spotify': 'https://open.spotify.com/album/5QXs4WXgjDwL16GtDdVgP8'}, 'href': 'https://api.spotify.com/v1/albums/5QXs4WXgjDwL16GtDdVgP8', 'id': '5QXs4WXgjDwL16GtDdVgP8', 'images': [{'height': 640, 'url': 'https://i.scdn.co/image/ab67616d0000b273b00456bf1de340e33f343655', 'width': 640}, {'height': 300, 'url': 'https://i.scdn.co/image/ab67616d00001e02b00456bf1de340e33f343655', 'width': 300}, {'height': 64, 'url': 'https://i.scdn.co/image/ab67616d00004851b00456bf1de340e33f343655', 'width': 64}], 'name': 'Glyph', 'release_date': '1995', 'release_date_precision': 'year', 'total_tracks': 15, 'type': 'album', 'uri': 'spotify:album:5QXs4WXgjDwL16GtDdVgP8'}, 'artists': [{'external_urls': {'spotify': 'https://open.spotify.com/artist/7wNm9hxB5MzFKEecCenxKJ'}, 'href': 'https://api.spotify.com/v1/artists/7wNm9hxB5MzFKEecCenxKJ', 'id': '7wNm9hxB5MzFKEecCenxKJ', 'name': 'Floater', 'type': 'artist', 'uri': 'spotify:artist:7wNm9hxB5MzFKEecCenxKJ'}], 'available_markets': ['AD', 'AE', 'AR', 'AT', 'AU', 'BE', 'BG', 'BH', 'BO', 'BR', 'CA', 'CH', 'CL', 'CO', 'CR', 'CY', 'CZ', 'DE', 'DK', 'DO', 'DZ', 'EC', 'EE', 'EG', 'ES', 'FI', 'FR', 'GB', 'GR', 'GT', 'HK', 'HN', 'HU', 'ID', 'IE', 'IL', 'IN', 'IS', 'IT', 'JO', 'JP', 'KW', 'LB', 'LI', 'LT', 'LU', 'LV', 'MA', 'MC', 'MT', 'MX', 'MY', 'NI', 'NL', 'NO', 'NZ', 'OM', 'PA', 'PE', 'PH', 'PL', 'PS', 'PT', 'PY', 'QA', 'RO', 'SA', 'SE', 'SG', 'SK', 'SV', 'TH', 'TN', 'TR', 'TW', 'US', 'UY', 'VN', 'ZA'], 'disc_number': 1, 'duration_ms': 197133, 'explicit': False, 'external_ids': {'isrc': 'ushm80437163'}, 'external_urls': {'spotify': 'https://open.spotify.com/track/2KUnbfNg9i879mWCLymm15'}, 'href': 'https://api.spotify.com/v1/tracks/2KUnbfNg9i879mWCLymm15', 'id': '2KUnbfNg9i879mWCLymm15', 'is_local': False, 'name': 'The Sad Ballad of Danny Boy', 'popularity': 38, 'preview_url': 'https://p.scdn.co/mp3-preview/7bd23f43816b2e95b65b7246bc6399f5b5fc4143?cid=3a5a7e73cd16469bb411957e65ce1d3d', 'track_number': 14, 'type': 'track', 'uri': 'spotify:track:2KUnbfNg9i879mWCLymm15'}}",20,https://api.spotify.com/v1/me/tracks?offset=20&limit=20,0,,749
18,https://api.spotify.com/v1/me/tracks?offset=0&limit=20,"{'added_at': '2020-01-27T13:15:11Z', 'track': {'album': {'album_type': 'album', 'artists': [{'external_urls': {'spotify': 'https://open.spotify.com/artist/71vVmHeNgCVSa5SVmfvscU'}, 'href': 'https://api.spotify.com/v1/artists/71vVmHeNgCVSa5SVmfvscU', 'id': '71vVmHeNgCVSa5SVmfvscU', 'name': 'Saxon', 'type': 'artist', 'uri': 'spotify:artist:71vVmHeNgCVSa5SVmfvscU'}], 'available_markets': ['AD', 'AE', 'AR', 'AT', 'AU', 'BE', 'BG', 'BH', 'BO', 'BR', 'CA', 'CH', 'CL', 'CO', 'CR', 'CY', 'CZ', 'DE', 'DK', 'DO', 'DZ', 'EC', 'EE', 'EG', 'ES', 'FI', 'FR', 'GB', 'GR', 'GT', 'HK', 'HN', 'HU', 'ID', 'IE', 'IL', 'IS', 'IT', 'JO', 'JP', 'KW', 'LB', 'LI', 'LT', 'LU', 'LV', 'MA', 'MC', 'MT', 'MX', 'MY', 'NI', 'NL', 'NO', 'NZ', 'OM', 'PA', 'PE', 'PH', 'PL', 'PS', 'PT', 'PY', 'QA', 'RO', 'SA', 'SE', 'SG', 'SK', 'SV', 'TH', 'TN', 'TR', 'TW', 'US', 'UY', 'VN', 'ZA'], 'external_urls': {'spotify': 'https://open.spotify.com/album/6EGEGr4oY0PsV6yGBxeQ8J'}, 'href': 'https://api.spotify.com/v1/albums/6EGEGr4oY0PsV6yGBxeQ8J', 'id': '6EGEGr4oY0PsV6yGBxeQ8J', 'images': [{'height': 640, 'url': 'https://i.scdn.co/image/ab67616d0000b2732910519edbe59770831f77ed', 'width': 640}, {'height': 300, 'url': 'https://i.scdn.co/image/ab67616d00001e022910519edbe59770831f77ed', 'width': 300}, {'height': 64, 'url': 'https://i.scdn.co/image/ab67616d000048512910519edbe59770831f77ed', 'width': 64}], 'name': 'Wheels of Steel (2009 Remastered Version)', 'release_date': '1980', 'release_date_precision': 'year', 'total_tracks': 17, 'type': 'album', 'uri': 'spotify:album:6EGEGr4oY0PsV6yGBxeQ8J'}, 'artists': [{'external_urls': {'spotify': 'https://open.spotify.com/artist/71vVmHeNgCVSa5SVmfvscU'}, 'href': 'https://api.spotify.com/v1/artists/71vVmHeNgCVSa5SVmfvscU', 'id': '71vVmHeNgCVSa5SVmfvscU', 'name': 'Saxon', 'type': 'artist', 'uri': 'spotify:artist:71vVmHeNgCVSa5SVmfvscU'}], 'available_markets': ['AD', 'AE', 'AR', 'AT', 'AU', 'BE', 'BG', 'BH', 'BO', 'BR', 'CA', 'CH', 'CL', 'CO', 'CR', 'CY', 'CZ', 'DE', 'DK', 'DO', 'DZ', 'EC', 'EE', 'EG', 'ES', 'FI', 'FR', 'GB', 'GR', 'GT', 'HK', 'HN', 'HU', 'ID', 'IE', 'IL', 'IS', 'IT', 'JO', 'JP', 'KW', 'LB', 'LI', 'LT', 'LU', 'LV', 'MA', 'MC', 'MT', 'MX', 'MY', 'NI', 'NL', 'NO', 'NZ', 'OM', 'PA', 'PE', 'PH', 'PL', 'PS', 'PT', 'PY', 'QA', 'RO', 'SA', 'SE', 'SG', 'SK', 'SV', 'TH', 'TN', 'TR', 'TW', 'US', 'UY', 'VN', 'ZA'], 'disc_number': 1, 'duration_ms': 358698, 'explicit': False, 'external_ids': {'isrc': 'GB01A0900049'}, 'external_urls': {'spotify': 'https://open.spotify.com/track/4ie42LCUKcp68EnZOMw9PG'}, 'href': 'https://api.spotify.com/v1/tracks/4ie42LCUKcp68EnZOMw9PG', 'id': '4ie42LCUKcp68EnZOMw9PG', 'is_local': False, 'name': 'Wheels of Steel - 2009 Remastered Version', 'popularity': 52, 'preview_url': 'https://p.scdn.co/mp3-preview/c5bfe3e42b0e0e13691354a8d8b3cbe0d9310ba7?cid=3a5a7e73cd16469bb411957e65ce1d3d', 'track_number': 4, 'type': 'track', 'uri': 'spotify:track:4ie42LCUKcp68EnZOMw9PG'}}",20,https://api.spotify.com/v1/me/tracks?offset=20&limit=20,0,,749
19,https://api.spotify.com/v1/me/tracks?offset=0&limit=20,"{'added_at': '2020-01-24T15:15:17Z', 'track': {'album': {'album_type': 'single', 'artists': [{'external_urls': {'spotify': 'https://open.spotify.com/artist/3636VAKmDHf57XkLu7FGer'}, 'href': 'https://api.spotify.com/v1/artists/3636VAKmDHf57XkLu7FGer', 'id': '3636VAKmDHf57XkLu7FGer', 'name': 'Johannes & Farkosten', 'type': 'artist', 'uri': 'spotify:artist:3636VAKmDHf57XkLu7FGer'}], 'available_markets': ['AD', 'AE', 'AR', 'AT', 'AU', 'BE', 'BG', 'BH', 'BO', 'BR', 'CA', 'CH', 'CL', 'CO', 'CR', 'CY', 'CZ', 'DE', 'DK', 'DO', 'DZ', 'EC', 'EE', 'EG', 'ES', 'FI', 'FR', 'GB', 'GR', 'GT', 'HK', 'HN', 'HU', 'ID', 'IE', 'IL', 'IN', 'IS', 'IT', 'JO', 'JP', 'KW', 'LB', 'LI', 'LT', 'LU', 'LV', 'MA', 'MC', 'MT', 'MX', 'MY', 'NI', 'NL', 'NO', 'NZ', 'OM', 'PA', 'PE', 'PH', 'PL', 'PS', 'PT', 'PY', 'QA', 'RO', 'SA', 'SE', 'SG', 'SK', 'SV', 'TH', 'TN', 'TR', 'TW', 'US', 'UY', 'VN', 'ZA'], 'external_urls': {'spotify': 'https://open.spotify.com/album/7JK3BPKtS0LKLvAXClYQwA'}, 'href': 'https://api.spotify.com/v1/albums/7JK3BPKtS0LKLvAXClYQwA', 'id': '7JK3BPKtS0LKLvAXClYQwA', 'images': [{'height': 640, 'url': 'https://i.scdn.co/image/ab67616d0000b273f04957e42175c84839e6e091', 'width': 640}, {'height': 300, 'url': 'https://i.scdn.co/image/ab67616d00001e02f04957e42175c84839e6e091', 'width': 300}, {'height': 64, 'url': 'https://i.scdn.co/image/ab67616d00004851f04957e42175c84839e6e091', 'width': 64}], 'name': 'Du och jag lever här (mellan dröm och verklighet)', 'release_date': '2020-01-24', 'release_date_precision': 'day', 'total_tracks': 1, 'type': 'album', 'uri': 'spotify:album:7JK3BPKtS0LKLvAXClYQwA'}, 'artists': [{'external_urls': {'spotify': 'https://open.spotify.com/artist/3636VAKmDHf57XkLu7FGer'}, 'href': 'https://api.spotify.com/v1/artists/3636VAKmDHf57XkLu7FGer', 'id': '3636VAKmDHf57XkLu7FGer', 'name': 'Johannes & Farkosten', 'type': 'artist', 'uri': 'spotify:artist:3636VAKmDHf57XkLu7FGer'}, {'external_urls': {'spotify': 'https://open.spotify.com/artist/6uejjWIOshliv2Ho0OJAQN'}, 'href': 'https://api.spotify.com/v1/artists/6uejjWIOshliv2Ho0OJAQN', 'id': '6uejjWIOshliv2Ho0OJAQN', 'name': 'Devin Townsend', 'type': 'artist', 'uri': 'spotify:artist:6uejjWIOshliv2Ho0OJAQN'}], 'available_markets': ['AD', 'AE', 'AR', 'AT', 'AU', 'BE', 'BG', 'BH', 'BO', 'BR', 'CA', 'CH', 'CL', 'CO', 'CR', 'CY', 'CZ', 'DE', 'DK', 'DO', 'DZ', 'EC', 'EE', 'EG', 'ES', 'FI', 'FR', 'GB', 'GR', 'GT', 'HK', 'HN', 'HU', 'ID', 'IE', 'IL', 'IN', 'IS', 'IT', 'JO', 'JP', 'KW', 'LB', 'LI', 'LT', 'LU', 'LV', 'MA', 'MC', 'MT', 'MX', 'MY', 'NI', 'NL', 'NO', 'NZ', 'OM', 'PA', 'PE', 'PH', 'PL', 'PS', 'PT', 'PY', 'QA', 'RO', 'SA', 'SE', 'SG', 'SK', 'SV', 'TH', 'TN', 'TR', 'TW', 'US', 'UY', 'VN', 'ZA'], 'disc_number': 1, 'duration_ms': 468199, 'explicit': False, 'external_ids': {'isrc': 'SEY6R2000101'}, 'external_urls': {'spotify': 'https://open.spotify.com/track/1CGjnELbLAmNPwYbIQ2eoz'}, 'href': 'https://api.spotify.com/v1/tracks/1CGjnELbLAmNPwYbIQ2eoz', 'id': '1CGjnELbLAmNPwYbIQ2eoz', 'is_local': False, 'name': 'Du och jag lever här (mellan drom och verklighet)', 'popularity': 31, 'preview_url': 'https://p.scdn.co/mp3-preview/5f39f05648ef9e5aff590c8a60172f5ae1b1ea79?cid=3a5a7e73cd16469bb411957e65ce1d3d', 'track_number': 1, 'type': 'track', 'uri': 'spotify:track:1CGjnELbLAmNPwYbIQ2eoz'}}",20,https://api.spotify.com/v1/me/tracks?offset=20&limit=20,0,,749
